<?xml version="1.0" encoding="UTF-8"?>
<rss version="2.0" xmlns:ror="http://rorweb.com/0.1/" >
<channel>
  <title>ROR Sitemap for http://www.guidpassword.com/</title>
  <link>http://www.guidpassword.com/</link>

<item>
     <link>http://www.guidpassword.com/</link>
     <title>GUID and Password generator</title>
     <description>One-Stop Shopping For All Your GUID Needs!</description>
     <ror:updatePeriod></ror:updatePeriod>
     <ror:sortOrder>0</ror:sortOrder>
     <ror:resourceOf>sitemap</ror:resourceOf>
</item>
</channel>
</rss>
  